date_ferie,nom_ferie
2025-01-01,Jour de l'an
2025-04-21,Lundi de Pâques
2025-05-01,Fête du Travail
2025-05-08,Fête de la Victoire
2025-05-29,Ascension
2025-06-09,Lundi de Pentecôte
2025-07-14,Fête nationale
2025-08-15,Assomption
2025-11-01,Toussaint
2025-11-11,Armistice
2025-12-25,Noël
2026-01-01,Jour de l'an
2026-04-06,Lundi de Pâques
2026-05-01,Fête du Travail
2026-05-08,Fête de la Victoire
2026-05-14,Ascension
2026-05-25,Lundi de Pentecôte
2026-07-14,Fête nationale
2026-08-15,Assomption
2026-11-01,Toussaint
2026-11-11,Armistice
2026-12-25,Noël
2027-01-01,Jour de l'an
2027-03-29,Lundi de Pâques
2027-05-01,Fête du Travail
2027-05-06,Ascension
2027-05-08,Fête de la Victoire
2027-05-17,Lundi de Pentecôte
2027-07-14,Fête nationale
2027-08-15,Assomption
2027-11-01,Toussaint
2027-11-11,Armistice
2027-12-25,Noël
2028-01-01,Jour de l'an
2028-04-17,Lundi de Pâques
2028-05-01,Fête du Travail
2028-05-08,Fête de la Victoire
2028-05-25,Ascension
2028-06-05,Lundi de Pentecôte
2028-07-14,Fête nationale
2028-08-15,Assomption
2028-11-01,Toussaint
2028-11-11,Armistice
2028-12-25,Noël
